-- phpMyAdmin SQL Dump
-- version 5.2.0
-- https://www.phpmyadmin.net/
--
-- Хост: 127.0.0.1:3306
-- Час створення: Трв 06 2024 р., 18:02
-- Версія сервера: 8.0.30
-- Версія PHP: 8.1.9

SET SQL_MODE = "NO_AUTO_VALUE_ON_ZERO";
START TRANSACTION;
SET time_zone = "+00:00";


/*!40101 SET @OLD_CHARACTER_SET_CLIENT=@@CHARACTER_SET_CLIENT */;
/*!40101 SET @OLD_CHARACTER_SET_RESULTS=@@CHARACTER_SET_RESULTS */;
/*!40101 SET @OLD_COLLATION_CONNECTION=@@COLLATION_CONNECTION */;
/*!40101 SET NAMES utf8mb4 */;

--
-- База даних: `dzst`
--

-- --------------------------------------------------------

--
-- Структура таблиці `buy_table`
--

CREATE TABLE `buy_table` (
  `code` bigint UNSIGNED NOT NULL,
  `id_product` int NOT NULL,
  `count` int NOT NULL,
  `id_user` int NOT NULL,
  `id_delivery` int NOT NULL,
  `status` varchar(30) NOT NULL
) ENGINE=InnoDB DEFAULT CHARSET=utf8mb4 COLLATE=utf8mb4_0900_ai_ci;

--
-- Дамп даних таблиці `buy_table`
--

INSERT INTO `buy_table` (`code`, `id_product`, `count`, `id_user`, `id_delivery`, `status`) VALUES
(531425014, 3, 1, 3, 1, 'Обробляється'),
(2776424989, 1, 2, 3, 2, 'Обробляється'),
(2776424989, 2, 3, 3, 2, 'Обробляється'),
(1852899525, 15, 2, 3, 3, 'Доставляється'),
(3254731140, 4, 1, 3, 4, 'Обробляється'),
(3403490093, 1, 4, 4, 5, 'Комплектується'),
(3403490093, 2, 2, 4, 5, 'Комплектується'),
(3403490093, 4, 1, 4, 5, 'Комплектується'),
(3403490093, 12, 1, 4, 5, 'Комплектується'),
(1759320285, 10, 1, 4, 6, 'Доставляється'),
(1759320285, 11, 2, 4, 6, 'Доставляється'),
(176199547, 2, 1, 5, 7, 'Комплектується'),
(4070609916, 1, 1, 3, 8, 'Обробляється'),
(818843749, 2, 2, 3, 21, 'Обробляється');

-- --------------------------------------------------------

--
-- Структура таблиці `delivery_table`
--

CREATE TABLE `delivery_table` (
  `id` int NOT NULL,
  `id_user` int NOT NULL,
  `region` varchar(50) NOT NULL,
  `city` varchar(50) NOT NULL,
  `type` varchar(20) NOT NULL,
  `address` varchar(100) NOT NULL,
  `pay_method` varchar(30) NOT NULL,
  `total_price` float NOT NULL
) ENGINE=InnoDB DEFAULT CHARSET=utf8mb4 COLLATE=utf8mb4_0900_ai_ci;

--
-- Дамп даних таблиці `delivery_table`
--

INSERT INTO `delivery_table` (`id`, `id_user`, `region`, `city`, `type`, `address`, `pay_method`, `total_price`) VALUES
(1, 3, 'Сумська', 'Суми', 'На адресу', 'Герасима-Кондратьєва 160', 'Готівкою', 63000),
(2, 3, 'Сумська', 'Суми', 'Пошта', 'Герасима-Кондратьєва 160', 'Онлайн', 325300),
(3, 3, 'Сумська', 'Суми', 'Самовивіз', 'Герасима-Кондратьєва 160', 'Карткою', 19000),
(4, 3, 'Сумська', 'Суми', 'Самовивіз', 'Герасима-Кондратьєва 160', 'Онлайн', 64900),
(5, 4, 'Сумська', 'Суми', 'Пошта', 'Герасима-Кондратьєва 160', 'Готівкою', 655000),
(6, 4, 'Сумська', 'Суми', 'Пошта', 'Герасима-Кондратьєва 160', 'Онлайн', 96500),
(7, 5, 'Харківська', 'Чокопай', 'На адресу', 'до вокзала', 'Готівкою', 21300),
(8, 3, 'Сумська', 'Суми', 'На адресу', 'Герасима-Кондратьєва 160', 'Готівкою', 130700),
(9, 3, 'Сумська', 'Суми', 'На адресу', 'Герасима-Кондратьєва 160', 'Готівкою', 130700),
(10, 3, 'Сумська', 'Суми', 'На адресу', 'Герасима-Кондратьєва 160', 'Готівкою', 130700),
(11, 3, 'Сумська', 'Суми', 'На адресу', 'Герасима-Кондратьєва 160', 'Готівкою', 130700),
(12, 3, 'Сумська', 'Суми', 'На адресу', 'Герасима-Кондратьєва 160', 'Готівкою', 130700),
(13, 3, 'Сумська', 'Суми', 'На адресу', 'Герасима-Кондратьєва 160', 'Готівкою', 130700),
(14, 3, 'Сумська', 'Суми', 'На адресу', 'Герасима-Кондратьєва 160', 'Готівкою', 130700),
(15, 3, 'Сумська', 'Суми', 'На адресу', 'Герасима-Кондратьєва 160', 'Готівкою', 130700),
(16, 3, 'Сумська', 'Суми', 'На адресу', 'Герасима-Кондратьєва 160', 'Готівкою', 130700),
(17, 3, 'Сумська', 'Суми', 'На адресу', 'Герасима-Кондратьєва 160', 'Готівкою', 130700),
(18, 3, 'Сумська', 'Суми', 'На адресу', 'Герасима-Кондратьєва 160', 'Готівкою', 130700),
(19, 3, 'Сумська', 'Суми', 'На адресу', 'Герасима-Кондратьєва 160', 'Готівкою', 130700),
(20, 3, 'Сумська', 'Суми', 'На адресу', 'Герасима-Кондратьєва 160', 'Готівкою', 130700),
(21, 3, 'Сумська', 'Суми', 'На адресу', 'Герасима-Кондратьєва 160', 'Готівкою', 42600);

-- --------------------------------------------------------

--
-- Структура таблиці `favorites_table`
--

CREATE TABLE `favorites_table` (
  `id_favorite` int NOT NULL,
  `id_product` int NOT NULL,
  `id_user` int NOT NULL,
  `count` int NOT NULL,
  `status` varchar(30) NOT NULL
) ENGINE=InnoDB DEFAULT CHARSET=utf8mb4 COLLATE=utf8mb4_0900_ai_ci;

--
-- Дамп даних таблиці `favorites_table`
--

INSERT INTO `favorites_table` (`id_favorite`, `id_product`, `id_user`, `count`, `status`) VALUES
(3, 4, 1, 2, 'cart'),
(6, 1, 1, 1, 'selected'),
(18, 13, 4, 1, 'selected'),
(21, 1, 3, 1, 'selected');

-- --------------------------------------------------------

--
-- Структура таблиці `product_table`
--

CREATE TABLE `product_table` (
  `id_product` int NOT NULL,
  `name` varchar(100) NOT NULL,
  `classification` varchar(100) NOT NULL,
  `type` varchar(50) NOT NULL,
  `description` varchar(1000) NOT NULL,
  `s_description` varchar(300) NOT NULL,
  `image` varchar(100) NOT NULL,
  `price` float NOT NULL
) ENGINE=InnoDB DEFAULT CHARSET=utf8mb4 COLLATE=utf8mb4_0900_ai_ci;

--
-- Дамп даних таблиці `product_table`
--

INSERT INTO `product_table` (`id_product`, `name`, `classification`, `type`, `description`, `s_description`, `image`, `price`) VALUES
(1, 'НАВАНТАЖУВАЧ ФРОНТАЛЬНИЙ ДЛЯ МТЗ ДУБOK-12 (ДУБОК-12.44)', 'НАВАНТАЖУВАЧІ ДУБOK ТА НАВІСНЕ ОБЛАДНАННЯ ДО МТЗ', 'ДУБОК-12 (ДУБОК-12.44)', 'Навантажувач фронтальний швидкоз’ємний ДубOk-12.44 (проект 2020 року) є модифікацією навантажувача ДубOk-12 (проект 2015 року). Він встановлюється на колісні трактори  сімейства МТЗ та аналоги. Зберігши основні переваги навантажувачів першого покоління, в новій моделі передбачена збільшена до 4,4м висота розвантаження, напівавтоматичне закриття  рамки EURO та інший механізм приєднання стріли.\r\n\r\nШвидку і зручну зміну обладнання забезпечує рамка EURO. Завдяки напівавтоматичному закриттю, нема потреби  виходити з трактора для замикання механізму рамки: при зачепленні за верхні вуха ковша та повороті рамки на себе, спрацьовує механізм замикання нижніх вух.', 'Наші переваги: швидкозємность, ідеальна кінематика стріли, euro рамка, жорстке кріплення підрамника до заднього мосту.\r\n\r\n', 'img/card/1/dubok(12-44).png', 130700),
(2, 'КІВШ НА ФРОНТАЛЬНИЙ НАВАНТАЖУВАЧ (КУН)', 'НАВАНТАЖУВАЧІ ДУБOK ТА НАВІСНЕ ОБЛАДНАННЯ ДО МТЗ', 'КОВШІ', 'Ківш виготовлений з якісної сталі 09Г2С, яка має хороші конструктивні властивості. Ковші мають різні призначення, цей – Ківш на фронтальний навантажувач (КУН). На ковші є стандартизоване європейське кріплення (EURO). Ніж на ковші має товщину 16 мм, що дозволяє йому добре виконувати свою роботу. Через наявність стандартизованої рамки, використання цього ковша стає ширшим. Ківш на фронтальний навантажувач (КУН) має широкий спектр застосування при роботі з сипучими матеріалами – зерном, грунтом, щебенем, гноєм, будівельним сміттям.\r\n\r\nМи можемо запропонувати Вам 5 видів ковшів, які відрізняються розмірами (шириною і місткістю). Однією з характеристик є ширина ковша. Наші ковші мають ширину від 1,8 м до 2,4 м (стандарт – 1,8 м, 2,2 м, 2,4 м). Зазвичай при виборі прагнуть, щоб ширина ковша була більше колісної бази трактора.\r\n', 'Ківш виготовлений з якісної сталі 09Г2С, яка має хороші конструктивні властивості. На ковші є стандартизоване європейське кріплення (EURO)..\r\n\r\n', 'img/card/1/kun.png', 21300),
(3, 'КІВШ ДЛЯ ЗАВАНТАЖЕННЯ МІШКІВ БІГ-БЕГ', 'НАВАНТАЖУВАЧІ ДУБOK ТА НАВІСНЕ ОБЛАДНАННЯ ДО МТЗ', 'КОВШІ', 'Ківш для завантаження мішків біг-бег повністю замінює навантажувальний ківш та стаціонарний дозатор. Крім економії коштів на два агрегати, за допомогою цього ковша всі роботи з фасування (наповнення) біг-бегів можуть проводитися однією людиною.\r\n\r\nКівш для завантаження мішків біг-бег застосовується у сільськогосподарській та переробній галузі. За допомогою даного обладнання ви зможете легко зробити фасування (наповнення) сипучих матеріалів у біг-бег (мішки). Найважливішим елементом ковша є люк, який щільно закривається, що дозволяє за допомогою одного циліндра чітко контролювати і дозувати норму заповнення.\r\n\r\nКівш для завантаження мішків оснащений  кріпленням під фронтальний навантажувач.\r\n\r\n\r\n', 'Ківш для завантаження мішків біг-бег повністю замінює навантажувальний ківш та стаціонарний дозатор. \r\n\r\n', 'img/card/1/big-beg.png', 63000),
(4, 'ЩЕЛЕПНИЙ КІВШ 0,8 КУБ.М НА РАМКУ EURO', 'НАВАНТАЖУВАЧІ ДУБOK ТА НАВІСНЕ ОБЛАДНАННЯ ДО МТЗ', 'КОВШІ', 'Ківш виготовлений з якісної сталі 09Г2С, яка має хороші конструктивні властивості. Ковші мають різні призначення, цей – щелепної ківш. На ковші є стандартизоване європейське кріплення (EURO). Щелепний ківш – це симбіоз трьох корисних функцій – звичайного ковша, щелепного захвату і бульдозерного відвалу. Через наявність стандартизованої рамки, використання цього ковша стає ширшим. Ківш підходить для навантажувачів, оснащених рамкою EURO.', 'Щелепний ківш має досить легке управління , яке забезпечується наявністю двох гідроциліндрів. Ви можете бути впевненими в тому, що цей ківш прослужить Вам довго і якісно.\r\n\r\n', 'img/card/1/mandibular.png', 64900),
(5, 'КІВШ 0,8 КУБ.М ІЗ ЗАХВАТОМ НА РАМКУ ЄВРО', 'НАВАНТАЖУВАЧІ ДУБOK ТА НАВІСНЕ ОБЛАДНАННЯ ДО МТЗ', 'КОВШІ', 'Ківш із захватом на рамку EURO призначений для використання в сільському господарстві та тваринництві.\r\n\r\nНижня частина має форму ковша, верхня виконана у вигляді вил, робочий хід яких забезпечується потужною гідравлічною системою, що складається з двох циліндрів. Ківш із захватом використовується для транспортування силосу, завантаження його в кормораздатчик. Також може бути задіяний для навантаження і вивантаження сіна, соломи, інших типів корму, збиранні, транспортуванні компосту, гною і пташиного посліду.\r\n\r\nКрім того, конструкція ковша дозволяє задіяти його для виконання додаткових процедур: знявши бічні стінки з конструкції, його можна використовувати для перенесення і транспортування колод, стовпів, та ін.\r\n', 'Оператор зачерпує силос чи компост за допомогою ковша, після чого верхні вила щільно притискають його до задньої стінки і дна. Це дозволяє запобігти розсипанню і втратам вантажу.\r\n\r\n', 'img/card/1/delight.png', 69300),
(6, 'ГАК ДЛЯ КОНТЕЙНЕРІВ (БІГ-БЕГІВ) НА РАМКУ EURO', 'НАВАНТАЖУВАЧІ ДУБOK ТА НАВІСНЕ ОБЛАДНАННЯ ДО МТЗ', 'ГАКИ', 'Гак для контейнерів (Біг-Бегів) на рамку EURO оснащений стандартизованої системою кріплення європейського типу, що дозволяє йому використовуватися як універсальний гак до будь-яких навантажувачів з рамкою EURO. Висока вантажопідйомність гака – 1,2 тонни досягнута шляхом спеціального проектування і вибору найбільш міцних матеріалів для його виготовлення. Гак для контейнерів також є швидко знімним, адже система кріплення EURO дозволяє виконувати просте зняття та установку. Конструкція гака дуже добре продумана і виготовлена ​​з найякісніших матеріалів, які забезпечать гарне виконання робіт і тривалий термін служби. За рахунок того, що гак для контейнерів обладнаний ще й вухом для кріплення обертового гака-вертлюга, його можна використовувати також для перенесення інших важких предметів. Можна з упевненістю сказати, що такий гак для контейнерів допоможе Вам добре і швидко перенести важкі предмети з місця на місце.', 'Гак для контейнерів (Біг-Бегів) на рамку EURO оснащений стандартизованої системою кріплення європейського типу, що дозволяє йому використовуватися як універсальний гак до будь-яких навантажувачів з рамкою EURO.\r\n\r\n', 'img/card/1/hook_for_containers_(big-bags).png', 12500),
(7, 'ГАК ВАНТАЖОПІДЙОМНИЙ НА РАМКУ EURO', 'НАВАНТАЖУВАЧІ ДУБOK ТА НАВІСНЕ ОБЛАДНАННЯ ДО МТЗ', 'ГАКИ', 'Гак для підйому вантажу оснащений стандартизованої системою кріплення європейського типу, що дозволяє йому використовуватися як універсальний гак до будь-яких навантажувачів з рамкою. Висока вантажопідйомність гака – 1,2 тонни досягнута шляхом спеціального проектування і вибору найбільш міцних матеріалів для його виготовлення. Крюк для підйому вантажу також є швидко знімним, адже система кріплення EURO має особливість в простоті приєднання. Конструкція гака дуже добре продумана і виготовлена ​​з найякісніших матеріалів, які забезпечать гарне виконання робіт і тривалий термін служби. За рахунок того, що гак для підйому вантажу має велику вантажопідйомність, ним набагато простіше управляти. Такий гак призначений саме для перенесення важких предметів. Можна з упевненістю сказати, що такий гак для підйому вантажу допоможе Вам добре і швидко виконати роботу.', 'Гак для підйому вантажу оснащений стандартизованої системою кріплення європейського типу, що дозволяє йому використовуватися як універсальний гак до будь-яких навантажувачів з рамкою.\r\n\r\n', 'img/card/1/cargo_lifting_hook.png', 7900),
(8, 'ВИЛА ПАЛЕТНІ НА РАМКУ EURO', 'НАВАНТАЖУВАЧІ ДУБOK ТА НАВІСНЕ ОБЛАДНАННЯ ДО МТЗ', 'ПАЛЕТНІ ВИЛА ТА КОМПЛЕКТУЮЧІ', 'Палетні вила мають стандартизовану систему кріплення європейського зразка, яка дозволяє швидко кріпити їх на навантажувач або знімати з нього. Конструкція вил дуже добре продумана і виготовлена ​​з найякісніших матеріалів, які забезпечать гарне виконання робіт і тривалий термін служби.\r\n\r\nЗа рахунок того, що самі ікла виробляються в Німеччині, вила до навантажувача мають хороші технічні характеристики, ними набагато простіше управляти. Такі палетні вила призначені для перенесення різних палет, адже конструкція дозволяє варіювати довжину іклів і вантажопідйомність. Можна з упевненістю сказати, що такі вила до навантажувача допоможуть Вам добре і швидко перенести Ваш вантаж.', 'Палетні вила мають стандартизовану систему кріплення європейського зразка, яка дозволяє швидко кріпити їх на навантажувач або знімати з нього.\r\n\r\n', 'img/card/1/pallet_forks.png', 24500),
(9, 'ЗАХВАТ НА ПАЛЕТНІ ВИЛА', 'НАВАНТАЖУВАЧІ ДУБOK ТА НАВІСНЕ ОБЛАДНАННЯ ДО МТЗ', 'ПАЛЕТНІ ВИЛА ТА КОМПЛЕКТУЮЧІ', 'Захват на палетні вила встановлюються додатково на палетні вила стандарту 3А та 2А.\r\n\r\nМаксимальне розкриття лапи 1.45 м., мінімальний обхват 0.35 м.', 'Захват на палетні вила встановлюються додатково на палетні вила стандарту 3А та 2А.\r\nМаксимальне розкриття лапи 1.45 м., мінімальний обхват 0.35 м.\r\n\r\n', 'img/card/1/grip_pallet_fork.png', 41300),
(10, 'ВИЛА-ЗАХВАТ ДЛЯ СИЛОСУ НА РАМКУ EURO', 'НАВАНТАЖУВАЧІ ДУБOK ТА НАВІСНЕ ОБЛАДНАННЯ ДО МТЗ', 'ВИЛА ТА ЗАХВАТИ', 'Вила – захват для силосу мають стандартизовану систему кріплення європейського зразка, яка дозволяє швидко кріпити на навантажувач або знімати з нього. Це вила на Кун МТЗ, за умови обладнання навантажувача рамкою EURO.\r\n\r\nКонструкція вил дуже добре продумана і виготовлена ​​з найякісніших матеріалів, які забезпечать гарне виконання робіт і тривалий термін служби. За рахунок того, що вила на Кун мають два гідроциліндра, ними набагато простіше управляти. Такі вила призначені саме для захоплення силосу і сіна, адже відстань між зубців і самі зубці добре захоплюють велику кількість сіна і переносять його без втрат. Можна з упевненістю сказати, що такі вила на Кун полегшать Вашу роботу з силосом, сіном, соломою.', 'Вила – захват для силосу мають стандартизовану систему кріплення європейського зразка, яка дозволяє швидко кріпити на навантажувач або знімати з нього. \r\n\r\n', 'img/card/1/grip_silos_euro_frame.png', 41500),
(11, 'ВИЛА ДЛЯ ТЮКІВ (3 ПІКИ)', 'НАВАНТАЖУВАЧІ ДУБOK ТА НАВІСНЕ ОБЛАДНАННЯ ДО МТЗ', 'ВИЛА ТА ЗАХВАТИ', 'Призначено для роботи (навантаження, розвантаження, переміщення, складання) з круглими і прямокутними тюками сіна, соломи масою до 800 кг\r\nКонструкція складається з потужної рами, на якій кріпляться піки з пружинної сталі.\r\nДовжина піки : верхньої – 0.8 м., , нижньої – 1.2 м.\r\nДіаметр піки 40 мм', 'Призначено для роботи (навантаження, розвантаження, переміщення, складання) з круглими і прямокутними тюками сіна, соломи масою до 800 кг\r\n\r\n', 'img/card/1/bale_fork_(3peaks).png', 27500),
(12, 'РУЛОННИЙ ЗАХВАТ RZ-18 НА РАМКУ EURO', 'НАВАНТАЖУВАЧІ ДУБOK ТА НАВІСНЕ ОБЛАДНАННЯ ДО МТЗ', 'ВИЛА ТА ЗАХВАТИ', 'Рулонний захват виконаний з високоякісного металу, який є стійким до ударів і перепадів температур. Такий захват оснащений системою швидкого кріплення європейського типу EURO, що дозволяє швидко і безпечно міняти його на будь-якій іншій рулонний захват або ж іншу додаткову установку. Рулонний захват безпосередньо призначений для захвату і перенесення рулонів або предметів циліндричної форми. Допустимий розмір рулону для захвату становить в діаметрі 0,9 м – 1,8 м. Максимальна вага, який зможе підняти рулонний захват – 800 кг. Рулонний захват буде особливо корисним для роботи в полі, збору тюків силосу або сіна. Ми можемо гарантувати Вам якість і довголітню службу цього рулонного захвату.', 'Рулонний захват виконаний з високоякісного металу, який є стійким до ударів і перепадів температур. \r\n\r\n', 'img/card/1/rz-18_euro_frame.png', 24700),
(13, 'ЗАХВАТ ДЛЯ КОЛОД LES', 'НАВАНТАЖУВАЧІ ДУБOK ТА НАВІСНЕ ОБЛАДНАННЯ ДО МТЗ', 'ВИЛА ТА ЗАХВАТИ', 'Захват для колод виконаний з високоякісного металу, який є стійким до ударів і перепадів температур. Такий захват оснащений системою швидкого кріплення європейського типу EURO, що дозволяє швидко і безпечно міняти його на будь-якій іншій Захват або ж іншу додаткову установку. Захват для колод безпосередньо призначений для захоплення і перенесення колод і лісозаготівлі. Допустимий розмір колод для захоплення становить 1070 мм. Максимальна вага, який зможе підняти Захват для колод – 1200 кг. Захвату для колод буде особливо корисним для роботи в лісі. Ми можемо гарантувати Вам якість і довголітню службу цього Захвату для колод.', 'Захват для колод виконаний з високоякісного металу, який є стійким до ударів і перепадів температур. \r\n\r\n', 'img/card/1/grip_for_les_decks.png', 39000),
(14, 'РОБОЧА ПЛАТФОРМА РП ДЛЯ НАВАНТАЖУВАЧА', 'НАВАНТАЖУВАЧІ ДУБOK ТА НАВІСНЕ ОБЛАДНАННЯ ДО МТЗ', 'РОБОЧІ ПЛАТФОРМИ РП ДЛЯ НАВАНТАЖУВАЧІВ', 'Робоча платформа (платформа ремонтна, люлька, корзина) призначена для підйому працівників, монтажу, демонтажу, ремонту, обстеження, обслуговування елементів виробничих і невиробничих об’єктів при проведенні різноманітних типів робіт з використанням вилкових навантажувачів, штабелерів, ричтраків, телескопічних навантажувачів, фронтальних навантажувачів або іншої спецтехніки призначеної для цих цілей.\r\n\r\nРобоча платформа РП408 розрахована на підйом двох людей і вантажу – загальна вантажопідйомність 400 кг. Корисна площа 2м на 0,8 м. Маса 250 кг.\r\n\r\nРобоча платформа РП412 розрахована на підйом двох людей і вантажу – загальна вантажопідйомність 400 кг. Корисна площа 2м на 1,2 м. Маса 310 кг.\r\n\r\nУніверсальна конструкція адаптується під будь-який навантажувач. Гарантія 24 місяця.', 'Робоча платформа (платформа ремонтна, люлька, корзина) призначена для підйому працівників, монтажу, демонтажу, ремонту, обстеження, обслуговування елементів виробничих і невиробничих об’єктів.\r\n\r\n', 'img/card/1/platform.png', 27700),
(15, 'РАМКА EURO НА ЗАДНЮ НАВІСКУ ТРАКТОРА', 'НАВАНТАЖУВАЧІ ДУБOK ТА НАВІСНЕ ОБЛАДНАННЯ ДО МТЗ', 'РАМКИ НА ЗАДНЮ НАВІСКУ ТРАКТОРА', 'Рамка EURO на задню навіску трактора дозволить Вам перевозити на ній додаткові інструменти для фронтального навантажувача, наприклад, ковші, вила, гаки, захвати та ін., використовуючи задню навіску МТЗ. Таким чином, задня навіска МТЗ стає додатковим місцем для перевезення потрібного обладнання.\r\n\r\nРамка виконана за європейськими стандартами EURO, що гарантує швидку зміну інструменту. Сама рамка кріпиться на трикутне зчеплення МТЗ, що дозволяє швидко надягати та знімати її. Якісний і міцний метал дозволить Вам не переживати за те, що знаходиться безпосередньо над рамкою – вона його точно утримає.\r\n\r\nРамка на задню навіску МТЗ може використовуватися також як противага. Наприклад, Ви працюєте з ковшем на фронтальному навантажувачі з великими вантажами і хочете, щоб Ваша установка МТЗ була стійкою, тоді на задню навіску МТЗ можна помістити противагу (наприклад, ківш з каменем), так Ви будете впевнені в стабільності Вашого МТЗ.\r\n\r\n', 'Рамка EURO на задню навіску трактора дозволить Вам перевозити на ній додаткові інструменти для фронтального навантажувача, наприклад, ковші, вила, гаки, захвати та ін.\r\n', 'img/card/1/frame.png', 9500),
(16, 'ЗАХВАТ ДЛЯ КОЛОД', 'НАВАНТАЖУВАЧІ ДУБOK ТА НАВІСНЕ ОБЛАДНАННЯ ДО МТЗ', 'ВИЛА ТА ЗАХВАТИ', 'Захват для колод – це механічний пристрій, що встановлюється на задню навіску трактора. Використовується даний механізм на лісорозробках, на лісопилках, при виконанні важких вантажно-розвантажувальних робіт.\r\n\r\nПредставлений на сайті підприємства ТОВ «Дубовицький завод сільгосптехніки» Захват для колод добре підходить для захоплення, підйому і опускання важких предметів з великими діаметрами.\r\n\r\nГідрозахват нашої конструкції оснащений циліндром ГЦ80.40.200.500. У вухах циліндра сферичні шарніри діаметром 40 мм. Всі пальці і втулки зі сталі 45, пальці термооброблені і прошліфовані. Діаметр всіх пальців 40 мм. Всі втулки обладнані маслянками. Захват для колод виконаний з високоякісного металу, який є стійким до ударів і перепадів температур. Товщина металу основної конструкції 16 мм, стінки великого ікла 20 мм.', 'Захват для колод – це механічний пристрій, що встановлюється на задню навіску трактора. Використовується даний механізм на лісорозробках, на лісопилках, при виконанні важких вантажно-розвантажувальних робіт.\r\n', 'img/card/1/grip_blocks.png', 50000),
(17, 'ПИЛКА ДЛЯ ОБРІЗАННЯ ГІЛОК DUBOREZ-3600', 'НАВІСНЕ ОБЛАДНАННЯ ДО ТЕЛЕСКОПІЧНИХ НАВАНТАЖУВАЧІВ\r\n\r\n', 'ПИЛКИ', 'Призначення:\r\n\r\nобрізка зарослих лісосмуг по краях полів,\r\nбезперешкодний проїзд сільськогосподарської техніки до полів,\r\nрозчищення узбіч автомобільних доріг.\r\nТехнічні характеристики:\r\n\r\nКількість ріжучих дисків – 3\r\n\r\nДіаметр ріжучого диска – 600 мм (60 зубів)\r\n\r\nШирина захвату – 1500 мм\r\n\r\nМаксимальний діаметр обрізки гілок – 190 мм\r\n\r\nМаксимальна висота – висота стріли\r\n\r\nРобоча швидкість обертів ріжучих дисків – 2000 об/хв\r\n\r\nВимоги до навантажувача:\r\n\r\nПилка встановлюється на телескопічні навантажувачі Manitou, JCB, DIECI, Claas Scorpion, Bobcat, New Holland, Faresin і т.п.     \r\n\r\nРобочий тиск гідросистеми – 170 атм (17 МПа)\r\n\r\nПродуктивність гідросистеми – 45 л/хв.\r\n\r\nПривід та управління:\r\n\r\nПривід дискових пил – від гідромотора Casappa (Італія) потужністю 10кВт через пасову передачу,\r\nУправління з кабіни вильотом вбік до 1000 мм і кутом нахилу до 95 градусів,\r\nМожливість регулювання робочого тиску та гідравлічного потоку.\r\n\r\n\r\n', 'Пилка встановлюється на телескопічні навантажувачі Manitou, JCB, DIECI, Claas Scorpion, Bobcat, New Holland, Faresin і т.п.   \r\n', 'img/card/1/saw.png', 260000);

-- --------------------------------------------------------

--
-- Структура таблиці `user_table`
--

CREATE TABLE `user_table` (
  `id_user` int NOT NULL,
  `name` varchar(20) NOT NULL,
  `surname` varchar(20) NOT NULL,
  `phone` int NOT NULL,
  `mail` varchar(30) NOT NULL,
  `password` varchar(20) NOT NULL
) ENGINE=InnoDB DEFAULT CHARSET=utf8mb4 COLLATE=utf8mb4_0900_ai_ci;

--
-- Дамп даних таблиці `user_table`
--

INSERT INTO `user_table` (`id_user`, `name`, `surname`, `phone`, `mail`, `password`) VALUES
(1, 'Даша', 'Блаженко', 1234567890, 'blazhenko@gmail.com', '123'),
(3, 'Ivan', 'Busenko', 955692648, 'busenko@gmail.com', '123'),
(4, 'Іван', 'Вареник', 955692648, 'varenik@gmail.com', '123'),
(5, 'Сергій', 'Бусенко', 1234567890, 'fshdjvfj@jdjbdjj', '123');

--
-- Індекси збережених таблиць
--

--
-- Індекси таблиці `delivery_table`
--
ALTER TABLE `delivery_table`
  ADD PRIMARY KEY (`id`);

--
-- Індекси таблиці `favorites_table`
--
ALTER TABLE `favorites_table`
  ADD PRIMARY KEY (`id_favorite`);

--
-- Індекси таблиці `product_table`
--
ALTER TABLE `product_table`
  ADD PRIMARY KEY (`id_product`);

--
-- Індекси таблиці `user_table`
--
ALTER TABLE `user_table`
  ADD PRIMARY KEY (`id_user`);

--
-- AUTO_INCREMENT для збережених таблиць
--

--
-- AUTO_INCREMENT для таблиці `delivery_table`
--
ALTER TABLE `delivery_table`
  MODIFY `id` int NOT NULL AUTO_INCREMENT, AUTO_INCREMENT=22;

--
-- AUTO_INCREMENT для таблиці `favorites_table`
--
ALTER TABLE `favorites_table`
  MODIFY `id_favorite` int NOT NULL AUTO_INCREMENT, AUTO_INCREMENT=23;

--
-- AUTO_INCREMENT для таблиці `product_table`
--
ALTER TABLE `product_table`
  MODIFY `id_product` int NOT NULL AUTO_INCREMENT, AUTO_INCREMENT=25;

--
-- AUTO_INCREMENT для таблиці `user_table`
--
ALTER TABLE `user_table`
  MODIFY `id_user` int NOT NULL AUTO_INCREMENT, AUTO_INCREMENT=6;
COMMIT;

/*!40101 SET CHARACTER_SET_CLIENT=@OLD_CHARACTER_SET_CLIENT */;
/*!40101 SET CHARACTER_SET_RESULTS=@OLD_CHARACTER_SET_RESULTS */;
/*!40101 SET COLLATION_CONNECTION=@OLD_COLLATION_CONNECTION */;
